Workbook

Sheet Hoja1
A1: ID | B1: País | C1: Estado Socioeconómico | D1: Apps Descargadas | E1: Tiempo en Celular (horas) | G1: LÍMITE INFERIOR | H1: LÍMITE SUPERIOR | I1: PUNTO MEDIO (MARCA DE CLASES) | J1: FRECUENCIA ABSOLUTA | K1: FRECUENCIA RELATIVA | L1: FRECUENCIA ACOMULADA | M1: FRECUENCIA RELATIVA ACUMULADA | O1: LÍMITE INFERIOR | P1: LÍMITE SUPERIOR | Q1: PUNTO MEDIO (MARCA DE CLASES) | R1: FRECUENCIA ABSOLUTA | S1: FRECUENCIA RELATIVA | T1: FRECUENCIA ACUMULADA | U1: FRECUENCIA RELATIVA ACUMULADA
A2: 1 | B2: México | C2: Medio | D2: 75 | E2: 4.5 | G2: 2.5 | H2: 3.6 | I2: 3.05 | J2: 10 | K2: 0.2 | L2: 10 | M2: 0.2 | O2: =P13 -> 30 | P2: =O2+15-1 -> 44 | Q2: =(O2+P2)/2 -> 37 | R2: =COUNTIFS($D$2:$D$51,">="&O2,$D$2:$D$51,"<="&P2) -> 7 | S2: =R2/COUNT($D$2:$D$51) -> 0.14 | T2: =SUM($R$2:R2) -> 7 | U2: =SUM($S$2:S2) -> 0.14
A3: 2 | B3: Colombia | C3: Bajo | D3: 30 | E3: 2.8 | G3: 3.6 | H3: 4.7 | I3: 4.15 | J3: 8 | K3: 0.16 | L3: 18 | M3: 0.36 | O3: =O2+15 -> 45 | P3: =O3+15-1 -> 59 | Q3: =(O3+P3)/2 -> 52 | R3: =COUNTIFS($D$2:$D$51,">="&O3,$D$2:$D$51,"<="&P3) -> 6 | S3: =R3/COUNT($D$2:$D$51) -> 0.12 | T3: =SUM($R$2:R3) -> 13 | U3: =SUM($S$2:S3) -> 0.26
A4: 3 | B4: Argentina | C4: Alto | D4: 120 | E4: 7.1 | G4: 4.7 | H4: 5.8 | I4: 5.25 | J4: 12 | K4: 0.24 | L4: 30 | M4: 0.6 | O4: =O3+15 -> 60 | P4: =O4+15-1 -> 74 | Q4: =(O4+P4)/2 -> 67 | R4: =COUNTIFS($D$2:$D$51,">="&O4,$D$2:$D$51,"<="&P4) -> 10 | S4: =R4/COUNT($D$2:$D$51) -> 0.2 | T4: =SUM($R$2:R4) -> 23 | U4: =SUM($S$2:S4) -> 0.46
A5: 4 | B5: México | C5: Medio | D5: 60 | E5: 5 | G5: 5.8 | H5: 6.9 | I5: 6.35 | J5: 13 | K5: 0.26 | L5: 43 | M5: 0.86 | O5: =O4+15 -> 75 | P5: =O5+15-1 -> 89 | Q5: =(O5+P5)/2 -> 82 | R5: =COUNTIFS($D$2:$D$51,">="&O5,$D$2:$D$51,"<="&P5) -> 9 | S5: =R5/COUNT($D$2:$D$51) -> 0.18 | T5: =SUM($R$2:R5) -> 32 | U5: =SUM($S$2:S5) -> 0.64
A6: 5 | B6: Chile | C6: Medio | D6: 85 | E6: 6.3 | G6: 6.9 | H6: 8 | I6: 7.45 | J6: 5 | K6: 0.1 | L6: 48 | M6: 0.96 | O6: =O5+15 -> 90 | P6: =O6+15-1 -> 104 | Q6: =(O6+P6)/2 -> 97 | R6: =COUNTIFS($D$2:$D$51,">="&O6,$D$2:$D$51,"<="&P6) -> 8 | S6: =R6/COUNT($D$2:$D$51) -> 0.16 | T6: =SUM($R$2:R6) -> 40 | U6: =SUM($S$2:S6) -> 0.8
A7: 6 | B7: Perú | C7: Bajo | D7: 45 | E7: 3.2 | G7: 8 | H7: 9.1 | I7: 8.55 | J7: 2 | K7: 0.04 | L7: 50 | M7: 1 | O7: =O6+15 -> 105 | P7: =O7+15-1 -> 119 | Q7: =(O7+P7)/2 -> 112 | R7: =COUNTIFS($D$2:$D$51,">="&O7,$D$2:$D$51,"<="&P7) -> 5 | S7: =R7/COUNT($D$2:$D$51) -> 0.1 | T7: =SUM($R$2:R7) -> 45 | U7: =SUM($S$2:S7) -> 0.9
A8: 7 | B8: México | C8: Medio | D8: 90 | E8: 5.8 | J8: 50 | K8: 1 | O8: =O7+15 -> 120 | P8: =O8+15-1 -> 134 | Q8: =(O8+P8)/2 -> 127 | R8: =COUNTIFS($D$2:$D$51,">="&O8,$D$2:$D$51,"<="&P8) -> 5 | S8: =R8/COUNT($D$2:$D$51) -> 0.1 | T8: =SUM($R$2:R8) -> 50 | U8: =SUM($S$2:S8) -> 1
A9: 8 | B9: Colombia | C9: Medio | D9: 70 | E9: 4.1 | O9: Total | R9: =SUM(R2:R8) -> 50 | S9: =R9/COUNT($D$2:$D$51) -> 1
A10: 9 | B10: Argentina | C10: Medio | D10: 100 | E10: 6.5
A11: 10 | B11: México | C11: Bajo | D11: 50 | E11: 3.9 | G11: DATO MINIMO | H11: 2.5
A12: 11 | B12: Chile | C12: Alto | D12: 110 | E12: 7.8 | G12: DATO MAXIMO | H12: 8.6 | O12: TOTAL DE DATOS: | P12: =COUNT(Hoja1!$D$2:$D$51) -> 50
A13: 12 | B13: Perú | C13: Medio | D13: 65 | E13: 4.9 | G13: RANGO | H13: 6.1 | O13: DATO MÍNIMO | P13: =MIN(Hoja1!$D$2:$D$51) -> 30
A14: 13 | B14: México | C14: Medio | D14: 80 | E14: 5.3 | G14: NÚMERO DE CLASE | H14: 6 | I14: ALBITRARIAMENTE | O14: DATO MÁXIMO | P14: =MAX(Hoja1!$D$2:$D$51) -> 132
A15: 14 | B15: Colombia | C15: Bajo | D15: 35 | E15: 2.5 | G15: AMPLITUD DE CLASE | H15: 1.02 | I15: 1.1 | O15: RANGO | P15: =P14-P13 -> 102
A16: 15 | B16: Argentina | C16: Medio | D16: 95 | E16: 6 | O16: NÚMERO DE CLASES | P16: =P18 -> 6.6439784
A17: 16 | B17: México | C17: Medio | D17: 70 | E17: 4.8 | O17: AMPLITUD DE CLASE | P17: =(MAX(Hoja1!$D$2:$D$51)-MIN(Hoja1!$D$2:$D$51))/ROUNDUP(1+3.322*LOG10(COUNT(Hoja1!$D$2:$D$51)),0) -> 14.571429
A18: 17 | B18: Chile | C18: Bajo | D18: 40 | E18: 3 | O18: REGLA DE STURGES | P18: =1+(3.322*LOG10(50)) -> 6.6439784
A19: 18 | B19: Perú | C19: Alto | D19: 130 | E19: 8.5
A20: 19 | B20: México | C20: Medio | D20: 105 | E20: 6.7 | O20: AMPLITUD UTILIZADA | P20: =ROUNDUP((MAX(Hoja1!$D$2:$D$51)-MIN(Hoja1!$D$2:$D$51))/ROUNDUP(1+3.322*LOG10(COUNT(Hoja1!$D$2:$D$51)),0),0) -> 15
A21: 20 | B21: Colombia | C21: Medio | D21: 80 | E21: 5.5
A22: 21 | B22: México | C22: Medio | D22: 72 | E22: 4.6
A23: 22 | B23: Colombia | C23: Bajo | D23: 33 | E23: 2.9
A24: 23 | B24: Argentina | C24: Alto | D24: 125 | E24: 7.3
A25: 24 | B25: México | C25: Medio | D25: 63 | E25: 5.1
A26: 25 | B26: Chile | C26: Medio | D26: 88 | E26: 6.4
A27: 26 | B27: Perú | C27: Bajo | D27: 48 | E27: 3.3
A28: 27 | B28: México | C28: Medio | D28: 92 | E28: 5.9
A29: 28 | B29: Colombia | C29: Medio | D29: 73 | E29: 4.2
A30: 29 | B30: Argentina | C30: Medio | D30: 103 | E30: 6.6
A31: 30 | B31: México | C31: Bajo | D31: 52 | E31: 4
A32: 31 | B32: Chile | C32: Alto | D32: 112 | E32: 7.9
... A51: 50 | B51: México | C51: Bajo | D51: 55 | E51: 4.1
